Attribute,Attribute Value,Age,Prior,Label,Expected Score,fold_num
race,African-American,48,4,0,0.7158218334408435,0
race,African-American,19,3,1,0.7941472708844947,0
race,African-American,19,4,1,0.7931863679450676,0
race,African-American,19,4,0,0.777873208838021,0
race,African-American,31,4,1,0.7144671200956261,0
race,African-American,31,4,0,0.852077038999792,0
race,African-American,29,2,0,0.6293865171446756,0
race,African-American,29,4,0,0.831459740654608,0
race,African-American,29,4,1,0.8047015238751848,0
race,African-American,24,4,0,0.763814206970446,0
race,African-American,24,4,1,0.8647586256533539,0
race,African-American,26,2,0,0.7210004664129124,0
race,African-American,26,4,0,0.7899320923572514,0
race,African-American,26,3,1,0.6612985988022202,0
race,African-American,26,4,1,0.8163608932052945,0
race,African-American,30,4,0,0.7653952641158229,0
race,African-American,30,4,1,0.7942348776362163,0
race,African-American,58,4,1,0.540669535684969,0
race,African-American,58,4,0,0.6436696096214557,0
race,African-American,35,4,0,0.7988218612681406,0
race,African-American,35,2,1,0.6816335087792198,0
race,African-American,35,4,1,0.668700259275667,0
race,African-American,18,4,0,0.7778797626129186,0
race,African-American,18,3,1,0.776551134642527,0
race,African-American,18,4,1,0.775517073602977,0
race,African-American,27,4,0,0.7270744953136108,0
race,African-American,27,4,1,0.857822852695659,0
race,African-American,38,3,0,0.5242252547946742,0
race,African-American,38,4,0,0.572122832205539,0
race,African-American,38,4,1,0.7947004460758265,0
race,African-American,23,4,1,0.8344102740919722,0
race,African-American,23,2,0,0.775517073602977,0
race,African-American,23,4,0,0.7852808680004375,0
race,African-American,25,4,0,0.7963420292247534,0
race,African-American,25,3,1,0.7590792990218875,0
race,African-American,25,4,1,0.7821441583641962,0
race,African-American,34,4,1,0.7619948740903593,0
race,African-American,34,3,0,0.554805155597234,0
race,African-American,34,4,0,0.7538778820815895,0
race,African-American,33,4,0,0.6630539849932513,0
race,African-American,33,4,1,0.7442186191402179,0
race,African-American,47,4,0,0.6421582309878189,0
race,African-American,47,4,1,0.7456463166318655,0
race,African-American,28,4,0,0.8901638323853754,0
race,African-American,28,4,1,0.7400119167607999,0
race,African-American,20,2,1,0.765147013661311,0
race,African-American,20,4,1,0.7598666899173196,0
race,African-American,20,3,0,0.653327793711136,0
race,African-American,20,4,0,0.7759542766708548,0
race,African-American,45,4,0,0.7383252694317278,0
race,African-American,45,4,1,0.8557610695484053,0
race,African-American,54,4,0,0.730580380711146,0
race,African-American,22,2,1,0.699936514447244,0
race,African-American,22,4,1,0.78326579721935,0
race,African-American,22,2,0,0.7438303674512728,0
race,African-American,22,4,0,0.9083468417179228,0
race,African-American,49,4,0,0.5994723467039995,0
race,African-American,21,2,0,0.7634698420300676,0
race,African-American,21,3,0,0.7463754583627821,0
race,African-American,21,4,0,0.7958884027828269,0
race,African-American,21,2,1,0.7438303674512728,0
race,African-American,21,3,1,0.7579515513115225,0
race,African-American,21,4,1,0.8074320351462472,0
race,African-American,39,4,1,0.741659676742911,0
race,African-American,50,4,0,0.6589664601398326,0
race,African-American,50,4,1,0.595873869034696,0
race,African-American,36,2,1,0.6458695867548873,0
race,African-American,36,4,1,0.7400979697080391,0
race,African-American,36,4,0,0.6657516281694636,0
race,African-American,46,3,0,0.6064165129543837,0
race,African-American,46,4,0,0.5502448963907607,0
race,African-American,46,4,1,0.8570905166641829,0
race,African-American,42,4,1,0.6941019799570644,0
race,African-American,42,2,0,0.48983599715946247,0
race,African-American,42,4,0,0.6425364765530084,0
race,African-American,44,4,0,0.667470770479586,0
race,African-American,44,4,1,0.8570905166641829,0
race,African-American,43,4,1,0.7658996063121255,0
race,African-American,43,4,0,0.5735579568112898,0
race,African-American,56,4,0,0.5752221519594815,0
race,African-American,56,4,1,0.6862454717348161,0
race,African-American,37,4,0,0.7469476210037235,0
race,African-American,53,4,0,0.587967193177521,0
race,African-American,32,3,1,0.6308231630504407,0
race,African-American,32,4,1,0.6897669385420624,0
race,African-American,32,3,0,0.5485173763051753,0
race,African-American,32,4,0,0.7590294443932593,0
race,African-American,62,4,0,0.7237490972813958,0
race,African-American,40,4,1,0.7390838063602746,0
race,African-American,40,4,0,0.8758321490127385,0
race,African-American,66,4,0,0.7058500245169497,0
race,African-American,51,4,0,0.6303447811413935,0
race,African-American,52,3,0,0.671815680205193,0
race,African-American,59,4,0,0.7493736042300188,0
race,Hispanic,42,4,1,0.605296715193436,0
race,Hispanic,42,4,0,0.6687217595930844,0
race,Hispanic,27,3,0,0.6196995831263564,0
race,Hispanic,27,4,0,0.7131360740433935,0
race,Hispanic,55,3,0,0.5,0
race,Hispanic,20,3,0,0.7851687257508934,0
race,Hispanic,20,4,0,0.8033887622334657,0
race,Hispanic,49,4,1,0.7555171895839414,0
race,Hispanic,49,4,0,0.6405901731013828,0
race,Hispanic,23,4,0,0.7737794575337913,0
race,Hispanic,25,4,0,0.868600726048135,0
race,Hispanic,54,4,0,0.5513713482229982,0
race,Hispanic,24,4,0,0.7355238483980607,0
race,Hispanic,34,4,0,0.5978085413953307,0
race,Hispanic,29,4,0,0.7421252921134102,0
race,Hispanic,38,3,0,0.5966707533207497,0
race,Hispanic,22,4,0,0.6863988710338592,0
race,Hispanic,28,3,0,0.7757016195286218,0
race,Hispanic,45,4,1,0.6085262663126717,0
race,Hispanic,39,4,0,0.6665013211987452,0
race,Hispanic,36,4,1,0.7985299841277729,0
race,Hispanic,32,4,0,0.6566432126223879,0
race,Hispanic,32,4,1,0.7591895351972965,0
race,Hispanic,26,4,0,0.7837508051622505,0
race,Caucasian,39,2,0,0.671815680205193,0
race,Caucasian,39,4,0,0.71199980540827,0
race,Caucasian,39,4,1,0.564008086910841,0
race,Caucasian,40,3,0,0.643322019466593,0
race,Caucasian,40,4,0,0.6977914116110597,0
race,Caucasian,40,4,1,0.6783463613226639,0
race,Caucasian,25,3,1,0.7548257015483111,0
race,Caucasian,25,4,1,0.8018067532852063,0
race,Caucasian,25,4,0,0.782107445265442,0
race,Caucasian,53,4,1,0.6923309946322015,0
race,Caucasian,41,4,1,0.6555673954348167,0
race,Caucasian,18,2,1,0.775517073602977,0
race,Caucasian,18,4,1,0.8072971996075518,0
race,Caucasian,18,4,0,0.7921712429649426,0
race,Caucasian,34,4,1,0.7609815060152254,0
race,Caucasian,34,3,0,0.5140751145659189,0
race,Caucasian,34,4,0,0.6955779023344183,0
race,Caucasian,32,4,0,0.6794225445929625,0
race,Caucasian,21,4,1,0.7700785805533837,0
race,Caucasian,21,2,0,0.7919479359106221,0
race,Caucasian,21,3,0,0.7642910206056911,0
race,Caucasian,21,4,0,0.8090666115333122,0
race,Caucasian,26,4,1,0.768318363911741,0
race,Caucasian,26,4,0,0.7370000671146545,0
race,Caucasian,51,2,0,0.6688543454728879,0
race,Caucasian,24,4,0,0.7627282204727885,0
race,Caucasian,24,3,1,0.6861557689110369,0
race,Caucasian,49,4,1,0.7331631327101477,0
race,Caucasian,49,4,0,0.760364719779956,0
race,Caucasian,56,4,1,0.5633126174695673,0
race,Caucasian,48,4,0,0.600189587374798,0
race,Caucasian,48,4,1,0.5644776522814123,0
race,Caucasian,37,3,0,0.6597872733458372,0
race,Caucasian,37,4,0,0.5964290149065085,0
race,Caucasian,20,4,1,0.7792203024007236,0
race,Caucasian,20,2,0,0.7934019908084521,0
race,Caucasian,20,3,0,0.7634698420300676,0
race,Caucasian,54,3,1,0.5275664113577273,0
race,Caucasian,54,4,1,0.8530665878631135,0
race,Caucasian,54,3,0,0.48983599715946247,0
race,Caucasian,46,4,0,0.6461368825652571,0
race,Caucasian,46,3,1,0.671815680205193,0
race,Caucasian,28,4,0,0.8421561373274904,0
race,Caucasian,28,4,1,0.6759339398907362,0
race,Caucasian,50,2,0,0.5830476344506091,0
race,Caucasian,50,3,0,0.6688543454728879,0
race,Caucasian,50,4,0,0.5751909166114729,0
race,Caucasian,50,4,1,0.5513713482229982,0
race,Caucasian,23,4,1,0.7917824034899515,0
race,Caucasian,23,4,0,0.6898141831990665,0
race,Caucasian,58,4,0,0.5460889711520118,0
race,Caucasian,29,4,0,0.7180832766366126,0
race,Caucasian,29,4,1,0.7229894673762239,0
race,Caucasian,47,4,0,0.6210911181747094,0
race,Caucasian,42,3,0,0.510154602971142,0
race,Caucasian,22,4,0,0.7724644489768476,0
race,Caucasian,22,4,1,0.7981851069874423,0
race,Caucasian,33,4,0,0.8028642420821536,0
race,Caucasian,27,4,0,0.7677386951220144,0
race,Caucasian,27,4,1,0.7317813160374701,0
race,Caucasian,38,4,0,0.7195139432071158,0
race,Caucasian,30,4,0,0.5935739446244587,0
race,Caucasian,52,4,1,0.5242252547946742,0
race,Caucasian,52,3,0,0.671815680205193,0
race,Caucasian,43,4,1,0.7020217005703538,0
race,Caucasian,31,4,1,0.7007853881818178,0
race,Caucasian,31,4,0,0.6753738255381236,0
race,Caucasian,63,2,0,0.5,0
race,Caucasian,45,3,0,0.5,0
race,Caucasian,45,4,0,0.539538653376311,0
race,Caucasian,44,4,0,0.6073240195848376,0
race,Caucasian,19,4,0,0.7919479359106221,0
race,Caucasian,19,4,1,0.741804442246929,0
race,Caucasian,35,4,0,0.7252973133218981,0
race,Caucasian,35,2,1,0.5242252547946742,0
race,Caucasian,35,4,1,0.6446170029023328,0
race,Caucasian,36,4,0,0.572122832205539,0
race,Caucasian,55,3,0,0.5140751145659189,0
race,Caucasian,69,4,0,0.730580380711146,0
race,Other,34,4,1,0.6121797592940079,0
race,Other,33,4,1,0.6294690056321803,0
race,Other,38,4,0,0.539538653376311,0
race,Other,27,4,1,0.7947354227389227,0
race,Other,20,4,0,0.7534382253613621,0
race,Other,31,4,1,0.5564950507894314,0
race,Other,22,4,0,0.885756309297189,0
race,Other,25,3,0,0.7245170605239081,0
race,Other,25,4,0,0.7664278807081768,0
race,Other,29,2,0,0.75662012012027,0
race,Other,39,3,1,0.5935044222756234,0
race,Other,37,4,1,0.8266681883581863,0
race,Other,35,3,0,0.6688543454728879,0
race,Other,23,4,0,0.8026228689639211,0
race,Other,45,4,0,0.6594578487830933,0
race,Other,18,4,0,0.784551634335507,0
race,Other,32,4,0,0.8174050769571917,0
race,Other,40,4,0,0.6401218243839657,0
sex,male,48,4,0,0.6772777514188283,0
sex,male,48,4,1,0.5644776522814123,0
sex,male,42,4,1,0.6719006637661574,0
sex,male,42,3,0,0.510154602971142,0
sex,male,42,4,0,0.6687217595930844,0
sex,male,19,3,1,0.7941472708844947,0
sex,male,19,4,1,0.7867636272328002,0
sex,male,19,4,0,0.7690290026985235,0
sex,male,31,4,1,0.6774000134688638,0
sex,male,31,4,0,0.852077038999792,0
sex,male,29,2,0,0.6930033186324729,0
sex,male,29,4,0,0.7598824338887439,0
sex,male,29,4,1,0.7883591125753926,0
sex,male,24,4,0,0.7603088382965173,0
sex,male,24,3,1,0.6861557689110369,0
sex,male,24,4,1,0.8647586256533539,0
sex,male,39,4,0,0.71199980540827,0
sex,male,39,3,1,0.5935044222756234,0
sex,male,39,4,1,0.623225283521531,0
sex,male,26,2,0,0.7210004664129124,0
sex,male,26,4,0,0.808077954475688,0
sex,male,26,3,1,0.6612985988022202,0
sex,male,26,4,1,0.7843325403429255,0
sex,male,27,3,0,0.6196995831263564,0
sex,male,27,4,0,0.7302158639200439,0
sex,male,27,4,1,0.8262924700428191,0
sex,male,55,3,0,0.5070375572829595,0
sex,male,35,3,0,0.6688543454728879,0
sex,male,35,4,0,0.774313678619393,0
sex,male,35,2,1,0.6816335087792198,0
sex,male,35,4,1,0.6606725071512223,0
sex,male,34,4,1,0.7365190042534006,0
sex,male,34,3,0,0.5140751145659189,0
sex,male,34,4,0,0.7011791554418003,0
sex,male,40,3,0,0.643322019466593,0
sex,male,40,4,0,0.7278841991547059,0
sex,male,40,4,1,0.7390838063602746,0
sex,male,18,4,0,0.7817029926119461,0
sex,male,18,2,1,0.775517073602977,0
sex,male,18,3,1,0.776551134642527,0
sex,male,18,4,1,0.7914071366052644,0
sex,male,53,4,1,0.6923309946322015,0
sex,male,53,4,0,0.587967193177521,0
sex,male,33,4,1,0.7059687479708722,0
sex,male,33,4,0,0.6863556945080682,0
sex,male,41,4,1,0.6555673954348167,0
sex,male,32,3,0,0.5485173763051753,0
sex,male,32,4,0,0.7343059445918121,0
sex,male,32,3,1,0.6308231630504407,0
sex,male,32,4,1,0.7110580511099851,0
sex,male,25,3,1,0.7562435673728366,0
sex,male,25,4,1,0.7854620751669477,0
sex,male,25,3,0,0.7245170605239081,0
sex,male,25,4,0,0.7983242264230652,0
sex,male,23,4,1,0.8288377844045375,0
sex,male,23,2,0,0.775517073602977,0
sex,male,23,4,0,0.7773363022975185,0
sex,male,20,2,0,0.7934019908084521,0
sex,male,20,3,0,0.7192482597310147,0
sex,male,20,4,0,0.7715548724067611,0
sex,male,20,2,1,0.765147013661311,0
sex,male,20,4,1,0.7658169633119551,0
sex,male,49,4,1,0.7443401611470446,0
sex,male,49,4,0,0.6499748965723344,0
sex,male,56,4,1,0.6042902355579836,0
sex,male,56,4,0,0.5752221519594815,0
sex,male,47,4,0,0.6012359123931597,0
sex,male,47,4,1,0.7456463166318655,0
sex,male,37,3,0,0.6597872733458372,0
sex,male,37,4,0,0.7003843230038913,0
sex,male,37,4,1,0.8266681883581863,0
sex,male,45,3,0,0.5,0
sex,male,45,4,0,0.6491949050935564,0
sex,male,45,4,1,0.7321436679305384,0
sex,male,54,3,0,0.48983599715946247,0
sex,male,54,4,0,0.640975864467072,0
sex,male,54,4,1,0.8530665878631135,0
sex,male,50,2,0,0.5830476344506091,0
sex,male,50,3,0,0.6688543454728879,0
sex,male,50,4,0,0.5961348024935629,0
sex,male,50,4,1,0.595873869034696,0
sex,male,46,3,0,0.6064165129543837,0
sex,male,46,4,0,0.5981908894780089,0
sex,male,46,3,1,0.671815680205193,0
sex,male,46,4,1,0.8570905166641829,0
sex,male,21,2,1,0.7438303674512728,0
sex,male,21,3,1,0.7579515513115225,0
sex,male,21,4,1,0.795159762584746,0
sex,male,21,2,0,0.7777088889703448,0
sex,male,21,3,0,0.7463754583627821,0
sex,male,21,4,0,0.8025939349299848,0
sex,male,30,4,1,0.7942348776362163,0
sex,male,30,4,0,0.6749407469016053,0
sex,male,36,2,1,0.6458695867548873,0
sex,male,36,4,1,0.7400979697080391,0
sex,male,36,4,0,0.572122832205539,0
sex,male,22,2,0,0.7438303674512728,0
sex,male,22,4,0,0.806762009500936,0
sex,male,22,2,1,0.7249193752017111,0
sex,male,22,4,1,0.7860559321243936,0
sex,male,28,3,0,0.7757016195286218,0
sex,male,28,4,0,0.8421561373274904,0
sex,male,28,4,1,0.7336041190737935,0
sex,male,44,4,0,0.6373973950322118,0
sex,male,44,4,1,0.8570905166641829,0
sex,male,43,4,1,0.7339606534412397,0
sex,male,43,4,0,0.5377839269235649,0
sex,male,38,3,0,0.560448004057712,0
sex,male,38,4,0,0.7195139432071158,0
sex,male,38,4,1,0.7947004460758265,0
sex,male,62,4,0,0.7237490972813958,0
sex,male,52,4,1,0.5242252547946742,0
sex,male,52,3,0,0.671815680205193,0
sex,male,66,4,0,0.7058500245169497,0
sex,male,58,4,0,0.6436696096214557,0
sex,male,51,4,0,0.6303447811413935,0
sex,male,69,4,0,0.730580380711146,0
sex,male,59,4,0,0.7493736042300188,0
sex,female,30,4,0,0.6840284618386763,0
sex,female,58,4,1,0.540669535684969,0
sex,female,58,4,0,0.5460889711520118,0
sex,female,25,4,1,0.798366383534705,0
sex,female,27,4,0,0.7756162620216016,0
sex,female,38,4,0,0.555830742790925,0
sex,female,21,4,1,0.7654511861245235,0
sex,female,21,3,0,0.7642910206056911,0
sex,female,21,4,0,0.8016625127546634,0
sex,female,51,2,0,0.6688543454728879,0
sex,female,28,4,0,0.8901638323853754,0
sex,female,23,4,0,0.7592112993192561,0
sex,female,23,4,1,0.7678240488476908,0
sex,female,34,3,0,0.554805155597234,0
sex,female,34,4,0,0.6864022353527622,0
sex,female,22,2,1,0.6749536536927769,0
sex,female,22,4,1,0.7870245673672676,0
sex,female,22,4,0,0.7640853214748345,0
sex,female,54,3,1,0.5275664113577273,0
sex,female,39,2,0,0.671815680205193,0
sex,female,39,4,0,0.6665013211987452,0
sex,female,26,4,0,0.6696461255462697,0
sex,female,36,4,0,0.6657516281694636,0
sex,female,36,4,1,0.7985299841277729,0
sex,female,50,4,1,0.5513713482229982,0
sex,female,47,4,0,0.7227909611455777,0
sex,female,42,2,0,0.48983599715946247,0
sex,female,42,4,0,0.6425364765530084,0
sex,female,31,4,0,0.6753738255381236,0
sex,female,37,4,0,0.6321636008086222,0
sex,female,32,4,1,0.6740250849256054,0
sex,female,43,4,0,0.6093319866990149,0
sex,female,63,2,0,0.5,0
sex,female,19,4,0,0.8096363481896172,0
sex,female,35,2,1,0.5242252547946742,0
sex,female,20,4,1,0.782225886999718,0
sex,female,20,3,0,0.7634698420300676,0
sex,female,40,4,1,0.6783463613226639,0
sex,female,18,4,0,0.7901952150453905,0
sex,female,52,3,0,0.671815680205193,0
race,Other,40,4,0,0.6205714955614228,1
race,Other,34,4,0,0.5779361986590427,1
race,Other,27,4,1,0.7991057214767807,1
race,Other,22,4,0,0.7514775383052061,1
race,Other,35,4,0,0.4661418871495053,1
race,Other,26,4,0,0.7051422262722986,1
race,Other,43,4,0,0.6828119005604727,1
race,Other,43,4,1,0.6498003021657237,1
race,Other,20,4,1,0.859988617694352,1
race,Other,20,4,0,0.7383899810809244,1
race,Other,18,4,1,0.7942786159827183,1
race,Other,25,4,1,0.7484711509336147,1
race,Caucasian,28,4,1,0.8091734766693274,1
race,Caucasian,28,4,0,0.7192758658907701,1
race,Caucasian,50,2,0,0.5138896735206061,1
race,Caucasian,50,4,0,0.6334344953936998,1
race,Caucasian,23,4,1,0.8407549979279875,1
race,Caucasian,23,4,0,0.7264380688391453,1
race,Caucasian,43,2,0,0.4166369311315529,1
race,Caucasian,43,4,0,0.6908834733427871,1
race,Caucasian,43,4,1,0.7557493286261605,1
race,Caucasian,42,4,0,0.6433375779976288,1
race,Caucasian,42,4,1,0.6151363027929473,1
race,Caucasian,48,4,0,0.6258242580456218,1
race,Caucasian,20,3,0,0.7429013845818572,1
race,Caucasian,20,4,0,0.808804765365252,1
race,Caucasian,55,4,0,0.5702629790197078,1
race,Caucasian,55,4,1,0.5403543249401844,1
race,Caucasian,25,4,1,0.7145244137621298,1
race,Caucasian,25,3,0,0.5587254199416991,1
race,Caucasian,25,4,0,0.711432974392496,1
race,Caucasian,35,4,0,0.5988810527436288,1
race,Caucasian,35,4,1,0.5820427278992986,1
race,Caucasian,31,2,0,0.6389970182485258,1
race,Caucasian,31,4,0,0.6991140649740595,1
race,Caucasian,31,4,1,0.6674304057908879,1
race,Caucasian,45,4,1,0.6793830738141098,1
race,Caucasian,45,4,0,0.689420512922652,1
race,Caucasian,22,4,0,0.7287084596924182,1
race,Caucasian,22,2,1,0.6619744845279001,1
race,Caucasian,22,4,1,0.7540011445337713,1
race,Caucasian,34,3,0,0.5004813092171795,1
race,Caucasian,34,4,0,0.551494004347976,1
race,Caucasian,37,3,0,0.48810882393921456,1
race,Caucasian,37,4,0,0.629466185811262,1
race,Caucasian,19,3,1,0.6410381896448601,1
race,Caucasian,19,4,1,0.7724882072704269,1
race,Caucasian,19,4,0,0.7730332181479033,1
race,Caucasian,44,2,0,0.6144392837750168,1
race,Caucasian,44,4,0,0.5296061337974591,1
race,Caucasian,18,4,0,0.7499816593721709,1
race,Caucasian,18,4,1,0.7898859961199489,1
race,Caucasian,21,2,1,0.7057659718245666,1
race,Caucasian,21,4,1,0.7305776803435293,1
race,Caucasian,30,4,0,0.7350243635112308,1
race,Caucasian,41,4,0,0.7167505419184854,1
race,Caucasian,51,4,1,0.5917892554830574,1
race,Caucasian,51,4,0,0.593507367190328,1
race,Caucasian,47,4,1,0.6992512362893035,1
race,Caucasian,47,4,0,0.5018418223674393,1
race,Caucasian,26,2,0,0.6264489070712496,1
race,Caucasian,26,4,0,0.6140087532541253,1
race,Caucasian,26,4,1,0.7331665140334873,1
race,Caucasian,27,4,0,0.6841049308878188,1
race,Caucasian,27,2,1,0.6214698061056158,1
race,Caucasian,27,4,1,0.6267666187877388,1
race,Caucasian,46,4,0,0.6526373115337458,1
race,Caucasian,46,4,1,0.6086706144584881,1
race,Caucasian,24,2,0,0.6335799049257768,1
race,Caucasian,24,4,1,0.7643894787326306,1
race,Caucasian,39,2,1,0.5333887569352496,1
race,Caucasian,53,2,0,0.6144392837750168,1
race,Caucasian,38,4,0,0.6738760549332841,1
race,Caucasian,29,2,0,0.6217492887413194,1
race,Caucasian,29,4,0,0.6758570542504949,1
race,Caucasian,29,4,1,0.8308302374204245,1
race,Caucasian,32,2,0,0.45479186323713244,1
race,Caucasian,32,4,1,0.8214065348897269,1
race,Caucasian,49,4,0,0.6305166136495591,1
race,Caucasian,40,4,0,0.7262322597506011,1
race,Caucasian,54,4,0,0.452796705791975,1
race,Caucasian,61,4,0,0.6759418572953911,1
race,African-American,31,4,1,0.769373672130431,1
race,African-American,31,4,0,0.6985571014486709,1
race,African-American,28,2,0,0.6264489070712496,1
race,African-American,28,4,0,0.803231468178773,1
race,African-American,28,4,1,0.7727608874979925,1
race,African-American,21,2,1,0.7023895234951485,1
race,African-American,21,4,1,0.7588181143569651,1
race,African-American,21,2,0,0.691226532209668,1
race,African-American,21,3,0,0.7057659718245666,1
race,African-American,21,4,0,0.7596307683700272,1
race,African-American,46,2,0,0.5907640767250922,1
race,African-American,46,3,0,0.4970696871106578,1
race,African-American,46,4,0,0.5267282677880438,1
race,African-American,20,3,1,0.757727738418804,1
race,African-American,20,4,1,0.7880514421787683,1
race,African-American,20,3,0,0.7382365896149927,1
race,African-American,20,4,0,0.7865813010542834,1
race,African-American,27,4,0,0.7806509178270876,1
race,African-American,27,4,1,0.8560377003789582,1
race,African-American,26,4,1,0.7749571509591734,1
race,African-American,26,2,0,0.667647755504976,1
race,African-American,26,4,0,0.8379587659687284,1
race,African-American,29,3,1,0.6239819094370328,1
race,African-American,29,4,1,0.8301970647255299,1
race,African-American,29,2,0,0.5467651793433851,1
race,African-American,29,3,0,0.6908096879991156,1
race,African-American,29,4,0,0.7673488687467332,1
race,African-American,23,2,1,0.6018869761926621,1
race,African-American,23,3,1,0.6778423592483402,1
race,African-American,23,4,1,0.848559283402051,1
race,African-American,23,2,0,0.7331250867035045,1
race,African-American,23,3,0,0.7038582843080469,1
race,African-American,23,4,0,0.7294156625681352,1
race,African-American,22,2,1,0.6911331070917227,1
race,African-American,22,4,1,0.8163949910152558,1
race,African-American,22,2,0,0.6527182327246205,1
race,African-American,22,4,0,0.758857876765777,1
race,African-American,35,4,0,0.6939045595901339,1
race,African-American,35,4,1,0.7950974289913147,1
race,African-American,30,3,0,0.6013977599239949,1
race,African-American,30,4,0,0.7002309742497036,1
race,African-American,30,4,1,0.687712117310623,1
race,African-American,18,4,0,0.7928344011099593,1
race,African-American,18,3,1,0.6937226324226975,1
race,African-American,18,4,1,0.7592035968501695,1
race,African-American,19,3,1,0.7414861087242867,1
race,African-American,19,4,1,0.7871481984792483,1
race,African-American,19,4,0,0.7841688088713585,1
race,African-American,50,4,0,0.6823310001014388,1
race,African-American,50,4,1,0.6383212867149137,1
race,African-American,37,4,1,0.7125565395769135,1
race,African-American,47,4,0,0.6459156221947217,1
race,African-American,47,4,1,0.7530693798370025,1
race,African-American,51,2,0,0.5,1
race,African-American,51,4,0,0.8288652458659895,1
race,African-American,51,4,1,0.6654216973644318,1
race,African-American,53,2,0,0.5738124921461313,1
race,African-American,53,3,0,0.5249028361897949,1
race,African-American,49,2,0,0.5907640767250922,1
race,African-American,49,4,0,0.5832763307261455,1
race,African-American,49,4,1,0.7001709852317595,1
race,African-American,58,4,1,0.7520387091050549,1
race,African-American,58,4,0,0.6158148291003412,1
race,African-American,32,2,0,0.6119183198849301,1
race,African-American,32,4,0,0.6248180168690166,1
race,African-American,32,4,1,0.7142729565506045,1
race,African-American,24,4,0,0.7239632878183316,1
race,African-American,24,4,1,0.7457991704067113,1
race,African-American,25,4,1,0.7315215781674546,1
race,African-American,25,2,0,0.7004139412315579,1
race,African-American,25,3,0,0.6264489070712496,1
race,African-American,25,4,0,0.7825630022775599,1
race,African-American,33,4,1,0.6804308888100234,1
race,African-American,33,4,0,0.6954126098811423,1
race,African-American,52,4,1,0.826457014939506,1
race,African-American,43,3,1,0.5682647487588042,1
race,African-American,43,4,1,0.7088051949720029,1
race,African-American,43,4,0,0.7164122333688819,1
race,African-American,45,4,0,0.5959098965528566,1
race,African-American,45,4,1,0.6533302300336913,1
race,African-American,54,4,0,0.7901539534942661,1
race,African-American,56,3,0,0.5482576377951415,1
race,African-American,56,4,1,0.7849061076005297,1
race,African-American,39,4,0,0.564105915072035,1
race,African-American,41,4,0,0.6402856870617724,1
race,African-American,34,4,1,0.7370909129417109,1
race,African-American,34,2,0,0.5210962299887842,1
race,African-American,34,4,0,0.5069469879144222,1
race,African-American,44,4,1,0.7358294641541686,1
race,African-American,44,4,0,0.6149964274591683,1
race,African-American,42,4,1,0.6605621710064364,1
race,African-American,42,4,0,0.6946293770295866,1
race,African-American,38,4,1,0.6980974837353289,1
race,African-American,38,4,0,0.8012383234842317,1
race,African-American,59,4,1,0.48970670610521927,1
race,African-American,48,4,0,0.6979160175279802,1
race,African-American,55,4,1,0.7037053153303762,1
race,African-American,36,4,0,0.7237665950491351,1
race,African-American,36,4,1,0.7751604725823947,1
race,African-American,40,4,0,0.7035491211806364,1
race,African-American,62,4,0,0.7772260984173491,1
race,Hispanic,55,4,1,0.6610012322341445,1
race,Hispanic,49,4,0,0.5829412994795445,1
race,Hispanic,49,4,1,0.646927695048226,1
race,Hispanic,46,3,1,0.46033629126389924,1
race,Hispanic,18,2,1,0.7306915435566502,1
race,Hispanic,22,4,1,0.7971795537024081,1
race,Hispanic,42,4,0,0.5841034609721987,1
race,Hispanic,42,4,1,0.7695000747370973,1
race,Hispanic,19,4,1,0.6928003233078573,1
race,Hispanic,19,4,0,0.7561731490587417,1
race,Hispanic,23,3,0,0.743856302816523,1
race,Hispanic,23,4,0,0.8399358959961133,1
race,Hispanic,31,4,0,0.6457130958487164,1
race,Hispanic,24,4,0,0.7414106572933606,1
race,Hispanic,37,4,0,0.47017810245564823,1
race,Hispanic,45,4,0,0.48993825265685276,1
race,Hispanic,35,4,0,0.6964265019102246,1
race,Hispanic,35,4,1,0.6273568770015426,1
race,Hispanic,28,4,1,0.6791440727935328,1
race,Hispanic,32,4,1,0.7478645834171799,1
race,Hispanic,27,4,0,0.7624395856523415,1
race,Hispanic,33,4,0,0.7667715102973996,1
race,Hispanic,20,4,0,0.7437206559372129,1
sex,male,40,4,0,0.6620603083710296,1
sex,male,28,4,1,0.7545277527972145,1
sex,male,28,2,0,0.6264489070712496,1
sex,male,28,4,0,0.7861209381118223,1
sex,male,50,4,0,0.654390140268445,1
sex,male,50,4,1,0.7414967895847698,1
sex,male,31,4,1,0.7489850188625223,1
sex,male,31,4,0,0.6744173104116593,1
sex,male,23,2,1,0.6018869761926621,1
sex,male,23,4,1,0.8446571406650193,1
sex,male,23,2,0,0.7331250867035045,1
sex,male,23,3,0,0.743856302816523,1
sex,male,23,4,0,0.748198327500409,1
sex,male,21,2,1,0.7040777476598575,1
sex,male,21,4,1,0.7494046363524866,1
sex,male,21,2,0,0.691226532209668,1
sex,male,21,4,0,0.7596307683700272,1
sex,male,46,2,0,0.5907640767250922,1
sex,male,46,3,0,0.4970696871106578,1
sex,male,46,4,0,0.6274555027846054,1
sex,male,46,3,1,0.46033629126389924,1
sex,male,46,4,1,0.5938503219027786,1
sex,male,43,2,0,0.4166369311315529,1
sex,male,43,4,0,0.6811445354394179,1
sex,male,43,3,1,0.5682647487588042,1
sex,male,43,4,1,0.7157818698724101,1
sex,male,20,3,1,0.7772188872226153,1
sex,male,20,4,1,0.8240200299365601,1
sex,male,20,3,0,0.7462743653592127,1
sex,male,20,4,0,0.7803064383359501,1
sex,male,27,4,0,0.7368023995915268,1
sex,male,27,2,1,0.6214698061056158,1
sex,male,27,4,1,0.8081149865262067,1
sex,male,26,4,1,0.7656703427534653,1
sex,male,26,4,0,0.7190365818317175,1
sex,male,22,2,1,0.6814135662371151,1
sex,male,22,4,1,0.8239478346925972,1
sex,male,22,2,0,0.6527182327246205,1
sex,male,22,4,0,0.756660281590386,1
sex,male,55,4,1,0.6350202908349017,1
sex,male,55,4,0,0.5702629790197078,1
sex,male,42,4,0,0.6417491143989343,1
sex,male,42,4,1,0.6755869922585365,1
sex,male,48,4,0,0.7132478956090804,1
sex,male,35,4,0,0.6462421703951724,1
sex,male,35,4,1,0.668165677964052,1
sex,male,30,4,0,0.7510232515710105,1
sex,male,30,4,1,0.687712117310623,1
sex,male,18,4,0,0.7642659066181002,1
sex,male,18,2,1,0.7306915435566502,1
sex,male,18,3,1,0.6937226324226975,1
sex,male,18,4,1,0.7701020310662313,1
sex,male,19,3,1,0.7414861087242867,1
sex,male,19,4,1,0.7665368888810761,1
sex,male,19,4,0,0.7763425587641442,1
sex,male,37,4,1,0.6517567115622525,1
sex,male,37,3,0,0.48810882393921456,1
sex,male,37,4,0,0.5763701580260574,1
sex,male,25,4,1,0.7381635116727352,1
sex,male,25,2,0,0.7004139412315579,1
sex,male,25,3,0,0.5587254199416991,1
sex,male,25,4,0,0.7667591145122516,1
sex,male,49,2,0,0.5907640767250922,1
sex,male,49,4,0,0.5711105720757448,1
sex,male,49,4,1,0.6824232218372482,1
sex,male,47,4,0,0.5978910222522943,1
sex,male,47,4,1,0.7171906174718697,1
sex,male,45,4,1,0.6706987925539702,1
sex,male,45,4,0,0.6161722937637534,1
sex,male,29,2,0,0.5717598824760298,1
sex,male,29,4,0,0.7035287521411853,1
sex,male,29,3,1,0.6239819094370328,1
sex,male,29,4,1,0.8293694368595542,1
sex,male,51,2,0,0.5,1
sex,male,51,4,0,0.6523468368592433,1
sex,male,51,4,1,0.6286054764237445,1
sex,male,53,2,0,0.594125887960574,1
sex,male,34,2,0,0.5210962299887842,1
sex,male,34,3,0,0.5004813092171795,1
sex,male,34,4,0,0.5454590636404802,1
sex,male,34,4,1,0.7370909129417109,1
sex,male,58,4,1,0.7520387091050549,1
sex,male,58,4,0,0.6158148291003412,1
sex,male,44,2,0,0.6144392837750168,1
sex,male,44,4,0,0.5580695650180288,1
sex,male,44,4,1,0.7358294641541686,1
sex,male,24,2,0,0.6335799049257768,1
sex,male,24,4,0,0.7246844197868119,1
sex,male,24,4,1,0.7461620419727648,1
sex,male,32,4,1,0.7494542578520289,1
sex,male,32,2,0,0.5595428343356642,1
sex,male,32,4,0,0.6086231606599378,1
sex,male,33,4,1,0.668356197248796,1
sex,male,33,4,0,0.7154544380551671,1
sex,male,52,4,1,0.826457014939506,1
sex,male,41,4,0,0.655578658033115,1
sex,male,54,4,0,0.6777015375935024,1
sex,male,56,3,0,0.5482576377951415,1
sex,male,56,4,1,0.7849061076005297,1
sex,male,39,2,1,0.5333887569352496,1
sex,male,39,4,0,0.6044099278411171,1
sex,male,38,4,0,0.7375571892087579,1
sex,male,38,4,1,0.6980974837353289,1
sex,male,59,4,1,0.48970670610521927,1
sex,male,61,4,0,0.6759418572953911,1
sex,male,36,4,0,0.7237665950491351,1
sex,male,36,4,1,0.7751604725823947,1
sex,male,62,4,0,0.7772260984173491,1
sex,female,29,4,1,0.8341407488843275,1
sex,female,29,3,0,0.6908096879991156,1
sex,female,29,4,0,0.8396457061764481,1
sex,female,23,3,1,0.6778423592483402,1
sex,female,23,3,0,0.7038582843080469,1
sex,female,23,4,0,0.7242623126734803,1
sex,female,21,3,0,0.7057659718245666,1
sex,female,20,3,0,0.7355095159323919,1
sex,female,20,4,0,0.8123986306434253,1
sex,female,20,3,1,0.7382365896149927,1
sex,female,22,4,1,0.756708239924736,1
sex,female,22,4,0,0.6918809383167446,1
sex,female,27,4,0,0.7657315233006917,1
sex,female,27,4,1,0.628099841410851,1
sex,female,32,4,0,0.657207729287174,1
sex,female,31,2,0,0.6389970182485258,1
sex,female,31,4,0,0.7169641842475624,1
sex,female,19,3,1,0.6410381896448601,1
sex,female,24,4,0,0.753088971020547,1
sex,female,24,4,1,0.7811654292282822,1
sex,female,49,4,0,0.6785095857579599,1
sex,female,30,3,0,0.6013977599239949,1
sex,female,30,4,0,0.639704642602533,1
sex,female,26,2,0,0.6470483312881128,1
sex,female,50,2,0,0.5138896735206061,1
sex,female,50,4,1,0.5351457838450576,1
sex,female,39,4,0,0.5238019023029529,1
sex,female,18,4,1,0.8011512434419679,1
sex,female,46,4,1,0.6234909070141977,1
sex,female,25,3,0,0.6264489070712496,1
sex,female,25,4,0,0.7193223853339732,1
sex,female,25,4,1,0.6849804519913255,1
sex,female,33,4,0,0.7266878539493502,1
sex,female,33,4,1,0.7166549634937059,1
sex,female,40,4,0,0.7262322597506011,1
sex,female,43,4,0,0.7587027152244684,1
sex,female,28,4,0,0.7877179861585727,1
sex,female,28,4,1,0.8796011940416478,1
sex,female,42,4,1,0.5580983638361293,1
sex,female,53,3,0,0.5249028361897949,1
sex,female,48,4,0,0.5951605018834213,1
sex,female,35,4,0,0.5651936940331905,1
sex,female,37,4,1,0.8341561956062351,1
race,African-American,21,2,1,0.6835323148470518,2
race,African-American,21,4,1,0.7861880589157293,2
race,African-American,21,4,0,0.7510039139424077,2
race,African-American,30,4,0,0.6625230710726518,2
race,African-American,30,3,1,0.59525681050183,2
race,African-American,30,4,1,0.6228662834173887,2
race,African-American,48,3,0,0.5516475504970274,2
race,African-American,48,4,0,0.6073739303092521,2
race,African-American,26,4,1,0.8209801795702782,2
race,African-American,26,3,0,0.6278711407669174,2
race,African-American,26,4,0,0.7444549595774106,2
race,African-American,24,3,1,0.6574496336675286,2
race,African-American,24,4,1,0.7918500239875874,2
race,African-American,24,2,0,0.6439081965791312,2
race,African-American,24,4,0,0.7673531830239924,2
race,African-American,27,4,1,0.8589462004821676,2
race,African-American,27,2,0,0.6586775515450222,2
race,African-American,27,3,0,0.7143738248504127,2
race,African-American,27,4,0,0.7695849317665362,2
race,African-American,18,4,1,0.7879548664429105,2
race,African-American,18,2,0,0.7214241598007256,2
race,African-American,18,4,0,0.7622402487847404,2
race,African-American,38,4,1,0.6075983871397168,2
race,African-American,38,4,0,0.5463463411979183,2
race,African-American,31,4,1,0.7179398818888725,2
race,African-American,31,4,0,0.6045617462379786,2
race,African-American,45,3,0,0.5613842626469789,2
race,African-American,45,4,0,0.7051678912722823,2
race,African-American,45,2,1,0.5516475504970274,2
race,African-American,45,4,1,0.6187534200846261,2
race,African-American,23,3,1,0.6917605529688328,2
race,African-American,23,4,1,0.766447076435047,2
race,African-American,23,4,0,0.8901618074982607,2
race,African-American,37,4,0,0.7284614831639267,2
race,African-American,20,4,1,0.8376779363021396,2
race,African-American,20,4,0,0.7964918436257918,2
race,African-American,33,4,0,0.685856749114314,2
race,African-American,33,4,1,0.6673041628435337,2
race,African-American,50,3,0,0.6010041774689476,2
race,African-American,50,4,0,0.6976889365086705,2
race,African-American,50,4,1,0.7250696273675377,2
race,African-American,22,3,0,0.6958765810928947,2
race,African-American,22,4,0,0.7088188420670285,2
race,African-American,22,2,1,0.7057516680256235,2
race,African-American,22,4,1,0.7530709951907162,2
race,African-American,41,4,0,0.5020212413524483,2
race,African-American,35,4,0,0.740357254629194,2
race,African-American,35,4,1,0.7850454082142169,2
race,African-American,42,4,1,0.7881212730368896,2
race,African-American,42,4,0,0.7525569806773552,2
race,African-American,34,4,0,0.68592717296616,2
race,African-American,34,4,1,0.6824510368283476,2
race,African-American,19,2,0,0.7174041234956084,2
race,African-American,19,3,0,0.6700647806569547,2
race,African-American,19,4,0,0.7526194207735023,2
race,African-American,19,3,1,0.7722766024440135,2
race,African-American,32,4,1,0.7109579992761423,2
race,African-American,32,4,0,0.7619612332468049,2
race,African-American,46,4,1,0.7916099944719142,2
race,African-American,43,4,1,0.5629129009246707,2
race,African-American,28,4,0,0.7589153114127041,2
race,African-American,28,4,1,0.861557625266812,2
race,African-American,55,4,1,0.7373044258214126,2
race,African-American,55,4,0,0.5459589813880523,2
race,African-American,25,2,0,0.7176319971167726,2
race,African-American,25,4,0,0.7792686997372108,2
race,African-American,25,2,1,0.7576934840975987,2
race,African-American,25,4,1,0.8073499224378304,2
race,African-American,47,4,0,0.6738368642817678,2
race,African-American,40,4,1,0.6015635715758277,2
race,African-American,40,4,0,0.6582927703804629,2
race,African-American,29,4,0,0.8297262205236728,2
race,African-American,29,3,1,0.636745100473761,2
race,African-American,29,4,1,0.8176954974025418,2
race,African-American,56,4,0,0.5347952144447157,2
race,African-American,49,4,1,0.6017325162162865,2
race,African-American,49,4,0,0.6133418186177699,2
race,African-American,39,4,0,0.6128692952330972,2
race,African-American,39,4,1,0.6281508298049958,2
race,African-American,52,4,1,0.766790402874488,2
race,African-American,60,4,0,0.6322962497039184,2
race,African-American,36,4,1,0.6118304533232967,2
race,African-American,57,4,0,0.515565463937291,2
race,African-American,58,4,0,0.6112757549432485,2
race,Other,46,4,1,0.7750727405751688,2
race,Other,18,2,1,0.7226553328171291,2
race,Other,41,4,1,0.5919454490993302,2
race,Other,26,4,0,0.6804199066311308,2
race,Other,19,3,1,0.7018817014040343,2
race,Other,27,4,0,0.6806570301439981,2
race,Other,27,4,1,0.8248962367584799,2
race,Other,34,4,0,0.7560076841372333,2
race,Other,31,4,1,0.5868031577803191,2
race,Other,37,4,0,0.6440498688388773,2
race,Other,28,4,0,0.8330091541310547,2
race,Other,30,4,0,0.6137911499507189,2
race,Other,36,4,0,0.6158411502923852,2
race,Other,35,3,0,0.5422060260046629,2
race,Other,35,4,0,0.7546012957230643,2
race,Other,50,4,1,0.5327448950593434,2
race,Other,21,3,1,0.7113968918095634,2
race,Other,54,4,1,0.8120953925058642,2
race,Other,22,4,1,0.7025766151029699,2
race,Caucasian,30,4,1,0.7508294120251064,2
race,Caucasian,30,4,0,0.7058656970923,2
race,Caucasian,35,4,1,0.704066225050849,2
race,Caucasian,35,2,0,0.6495315322226585,2
race,Caucasian,23,4,1,0.8729277422752878,2
race,Caucasian,23,3,0,0.7492382511531896,2
race,Caucasian,23,4,0,0.789765950776006,2
race,Caucasian,36,2,0,0.5447192912925215,2
race,Caucasian,36,3,0,0.617603666168955,2
race,Caucasian,36,4,0,0.6551122698790758,2
race,Caucasian,36,4,1,0.65644803571843,2
race,Caucasian,27,4,1,0.8390077523189393,2
race,Caucasian,27,4,0,0.7000571278059087,2
race,Caucasian,50,3,0,0.5217085983149705,2
race,Caucasian,50,4,0,0.6221436614787901,2
race,Caucasian,50,2,1,0.6495315322226585,2
race,Caucasian,56,3,1,0.5321691748990223,2
race,Caucasian,56,4,1,0.6155185338889615,2
race,Caucasian,56,4,0,0.5280536722314338,2
race,Caucasian,46,4,0,0.6359973533363832,2
race,Caucasian,21,4,1,0.8208598740207114,2
race,Caucasian,21,4,0,0.785439663038529,2
race,Caucasian,34,3,0,0.5886736918694992,2
race,Caucasian,34,4,0,0.819148231667676,2
race,Caucasian,34,2,1,0.48348656035738186,2
race,Caucasian,34,4,1,0.6245303929843088,2
race,Caucasian,19,3,1,0.7975653474690692,2
race,Caucasian,19,4,1,0.7547838195711295,2
race,Caucasian,19,2,0,0.7226553328171291,2
race,Caucasian,19,4,0,0.7372713338141096,2
race,Caucasian,22,2,1,0.6818734074134646,2
race,Caucasian,22,4,1,0.7179703984419481,2
race,Caucasian,22,2,0,0.710476765333547,2
race,Caucasian,22,4,0,0.8071478294259303,2
race,Caucasian,32,4,0,0.6272595023776437,2
race,Caucasian,44,4,0,0.6010524573985032,2
race,Caucasian,44,4,1,0.5888422715177604,2
race,Caucasian,24,4,1,0.718946739418119,2
race,Caucasian,24,4,0,0.7197693563855688,2
race,Caucasian,25,3,0,0.651886619990906,2
race,Caucasian,25,4,0,0.751469962363522,2
race,Caucasian,25,4,1,0.801840485730402,2
race,Caucasian,43,4,0,0.6707504160373747,2
race,Caucasian,43,2,1,0.5170076222673592,2
race,Caucasian,39,2,0,0.5516475504970274,2
race,Caucasian,39,4,0,0.5995897816896723,2
race,Caucasian,42,3,0,0.5516475504970274,2
race,Caucasian,42,4,0,0.609486560836957,2
race,Caucasian,42,4,1,0.6101572664230756,2
race,Caucasian,47,4,1,0.601404925852421,2
race,Caucasian,47,4,0,0.47685742185937446,2
race,Caucasian,45,4,0,0.5740749982788351,2
race,Caucasian,45,4,1,0.6864404661968146,2
race,Caucasian,53,4,0,0.6182109491420039,2
race,Caucasian,53,4,1,0.7738717315752963,2
race,Caucasian,33,4,0,0.6194282517206142,2
race,Caucasian,41,4,0,0.5849558445273088,2
race,Caucasian,41,4,1,0.7716560096371443,2
race,Caucasian,29,4,1,0.7631667859374113,2
race,Caucasian,29,4,0,0.7345187796499685,2
race,Caucasian,18,2,1,0.7226553328171291,2
race,Caucasian,18,4,1,0.746151650217033,2
race,Caucasian,18,4,0,0.7853269307094544,2
race,Caucasian,52,4,1,0.6702124135870902,2
race,Caucasian,52,4,0,0.4896014250644132,2
race,Caucasian,40,3,1,0.6495315322226585,2
race,Caucasian,40,3,0,0.5185322067492407,2
race,Caucasian,40,4,0,0.7075156279261376,2
race,Caucasian,20,4,0,0.817500847830198,2
race,Caucasian,20,3,1,0.743653870209942,2
race,Caucasian,20,4,1,0.8038210372404387,2
race,Caucasian,26,4,0,0.8596880318676415,2
race,Caucasian,37,4,0,0.7631828293504539,2
race,Caucasian,48,4,0,0.5305362577613089,2
race,Caucasian,64,2,1,0.5249677112637217,2
race,Caucasian,62,4,0,0.6668949580509625,2
race,Caucasian,31,4,1,0.7799537499000783,2
race,Caucasian,28,4,0,0.6339701195627196,2
race,Caucasian,55,4,1,0.5,2
race,Hispanic,51,4,0,0.5472403487930922,2
race,Hispanic,22,3,1,0.674833289719856,2
race,Hispanic,32,4,1,0.5887224428080909,2
race,Hispanic,26,2,0,0.5620995254991072,2
race,Hispanic,27,4,1,0.7448658206112749,2
race,Hispanic,30,3,1,0.5772702301453279,2
race,Hispanic,30,4,1,0.5577256398613685,2
race,Hispanic,24,4,0,0.7646764026496041,2
race,Hispanic,43,2,0,0.5,2
race,Hispanic,33,4,0,0.6999276677145232,2
race,Hispanic,21,4,1,0.8957325352575143,2
race,Hispanic,38,4,1,0.802693025867044,2
race,Hispanic,35,2,0,0.5,2
race,Hispanic,35,3,0,0.6185307851942139,2
race,Hispanic,50,4,1,0.8120953925058642,2
race,Hispanic,23,4,0,0.6086331922024308,2
race,Hispanic,54,4,1,0.7757465185137072,2
race,Hispanic,48,4,1,0.7597091041591015,2
sex,male,21,2,1,0.6835323148470518,2
sex,male,21,3,1,0.7113968918095634,2
sex,male,21,4,1,0.7899632865521933,2
sex,male,21,4,0,0.775308933771788,2
sex,male,30,4,0,0.6841943840824759,2
sex,male,30,3,1,0.5862635203235789,2
sex,male,30,4,1,0.6228662834173887,2
sex,male,46,4,1,0.7833413675235414,2
sex,male,46,4,0,0.6359973533363832,2
sex,male,35,4,1,0.7416684251642329,2
sex,male,35,2,0,0.5747657661113292,2
sex,male,35,3,0,0.5803684055994385,2
sex,male,35,4,0,0.743206062847968,2
sex,male,26,4,1,0.8209801795702782,2
sex,male,26,2,0,0.5620995254991072,2
sex,male,26,4,0,0.7546945634462008,2
sex,male,27,4,1,0.8338794771568921,2
sex,male,27,2,0,0.6823795816982917,2
sex,male,27,3,0,0.6894346317922135,2
sex,male,27,4,0,0.7306750289491223,2
sex,male,23,3,1,0.6917605529688328,2
sex,male,23,4,1,0.8019406317151273,2
sex,male,23,3,0,0.7492382511531896,2
sex,male,23,4,0,0.7714812179560375,2
sex,male,18,2,1,0.7226553328171291,2
sex,male,18,4,1,0.7730176942693747,2
sex,male,18,2,0,0.7214241598007256,2
sex,male,18,4,0,0.7737835897470974,2
sex,male,24,4,0,0.751021402486175,2
sex,male,24,4,1,0.7886099233524391,2
sex,male,38,4,1,0.7051457065033804,2
sex,male,38,4,0,0.5463463411979183,2
sex,male,31,4,1,0.699206064159079,2
sex,male,31,4,0,0.5809591576063556,2
sex,male,50,4,0,0.6599162989937303,2
sex,male,50,2,1,0.6495315322226585,2
sex,male,50,4,1,0.717902368538392,2
sex,male,56,3,1,0.5321691748990223,2
sex,male,56,4,1,0.6155185338889615,2
sex,male,56,4,0,0.5280536722314338,2
sex,male,51,4,0,0.5472403487930922,2
sex,male,45,3,0,0.5613842626469789,2
sex,male,45,4,0,0.6396214447755588,2
sex,male,45,2,1,0.5516475504970274,2
sex,male,45,4,1,0.6638781174927518,2
sex,male,37,4,0,0.7437788492746431,2
sex,male,20,3,1,0.743653870209942,2
sex,male,20,4,1,0.8309065564897995,2
sex,male,20,4,0,0.7999933443265262,2
sex,male,34,3,0,0.5886736918694992,2
sex,male,34,4,0,0.7003419481895583,2
sex,male,34,2,1,0.48348656035738186,2
sex,male,34,4,1,0.6631441555470013,2
sex,male,41,4,1,0.5919454490993302,2
sex,male,41,4,0,0.5404568783544121,2
sex,male,19,3,1,0.7572412171057056,2
sex,male,19,4,1,0.7547838195711295,2
sex,male,19,2,0,0.7174041234956084,2
sex,male,19,3,0,0.6700647806569547,2
sex,male,19,4,0,0.7499339433959372,2
sex,male,33,4,0,0.6750643287062053,2
sex,male,33,4,1,0.6673041628435337,2
sex,male,22,2,1,0.6977922478215706,2
sex,male,22,3,1,0.674833289719856,2
sex,male,22,4,1,0.7379840484925558,2
sex,male,22,2,0,0.710476765333547,2
sex,male,22,3,0,0.6958765810928947,2
sex,male,22,4,0,0.7284846395388088,2
sex,male,32,4,0,0.75460674292776,2
sex,male,32,4,1,0.6860044536233458,2
sex,male,44,4,0,0.6010524573985032,2
sex,male,44,4,1,0.5888422715177604,2
sex,male,25,2,0,0.7176319971167726,2
sex,male,25,3,0,0.651886619990906,2
sex,male,25,4,0,0.7746355768415961,2
sex,male,25,2,1,0.7576934840975987,2
sex,male,25,4,1,0.8062480350963448,2
sex,male,43,2,0,0.5,2
sex,male,43,4,0,0.6851247795871462,2
sex,male,43,2,1,0.5170076222673592,2
sex,male,43,4,1,0.5629129009246707,2
sex,male,39,2,0,0.5516475504970274,2
sex,male,39,4,0,0.6111603659799149,2
sex,male,39,4,1,0.6281508298049958,2
sex,male,42,3,0,0.5516475504970274,2
sex,male,42,4,0,0.6571767007837565,2
sex,male,42,4,1,0.6991392697299825,2
sex,male,36,4,1,0.6452936401196467,2
sex,male,36,2,0,0.5447192912925215,2
sex,male,36,4,0,0.6158411502923852,2
sex,male,53,4,0,0.6182109491420039,2
sex,male,53,4,1,0.7738717315752963,2
sex,male,29,3,1,0.636745100473761,2
sex,male,29,4,1,0.7961887200766943,2
sex,male,29,4,0,0.7821225000868206,2
sex,male,55,4,1,0.6186522129107064,2
sex,male,47,4,0,0.60817705014097,2
sex,male,47,4,1,0.6426924816330518,2
sex,male,40,3,1,0.6495315322226585,2
sex,male,40,4,1,0.6015635715758277,2
sex,male,40,3,0,0.5185322067492407,2
sex,male,40,4,0,0.6829041991533003,2
sex,male,52,4,1,0.7024050766828894,2
sex,male,52,4,0,0.5213922544251295,2
sex,male,49,4,1,0.6017325162162865,2
sex,male,49,4,0,0.6133418186177699,2
sex,male,28,4,0,0.7550127974222267,2
sex,male,28,4,1,0.861557625266812,2
sex,male,48,3,0,0.5516475504970274,2
sex,male,48,4,0,0.578892515356376,2
sex,male,48,4,1,0.7597091041591015,2
sex,male,54,4,1,0.7939209555097857,2
sex,male,60,4,0,0.6322962497039184,2
sex,male,64,2,1,0.5249677112637217,2
sex,male,62,4,0,0.6668949580509625,2
sex,male,57,4,0,0.515565463937291,2
sex,male,58,4,0,0.6112757549432485,2
sex,female,30,4,1,0.6542775259432374,2
sex,female,30,4,0,0.6137911499507189,2
sex,female,48,4,0,0.565642620261582,2
sex,female,24,3,1,0.6574496336675286,2
sex,female,24,4,1,0.7302870916411384,2
sex,female,24,2,0,0.6439081965791312,2
sex,female,24,4,0,0.7213271209362663,2
sex,female,36,3,0,0.617603666168955,2
sex,female,36,4,0,0.6551122698790758,2
sex,female,21,4,1,0.8473179049181245,2
sex,female,21,4,0,0.7226553328171291,2
sex,female,31,4,0,0.6399656291854131,2
sex,female,31,4,1,0.7799537499000783,2
sex,female,47,4,1,0.5601173700717903,2
sex,female,43,4,0,0.6563760524876033,2
sex,female,32,4,1,0.6885366254192772,2
sex,female,32,4,0,0.5072667521465724,2
sex,female,50,3,0,0.5613563878919591,2
sex,female,50,4,1,0.6412724366851071,2
sex,female,34,4,0,0.8027400914983591,2
sex,female,28,4,0,0.727576532233457,2
sex,female,27,4,1,0.8508265442803334,2
sex,female,27,2,0,0.5875714610852139,2
sex,female,27,3,0,0.7642522109668108,2
sex,female,27,4,0,0.7444429379840133,2
sex,female,41,4,0,0.5910191736982415,2
sex,female,41,4,1,0.7716560096371443,2
sex,female,56,4,0,0.5347952144447157,2
sex,female,52,4,0,0.4578105957036968,2
sex,female,55,4,0,0.5459589813880523,2
sex,female,23,4,0,0.882563836926814,2
sex,female,26,3,0,0.6278711407669174,2
sex,female,29,4,1,0.7286213154971038,2
sex,female,18,4,1,0.7969797673270993,2
sex,female,37,4,0,0.6021843844718224,2
sex,female,19,2,0,0.7226553328171291,2
sex,female,19,4,0,0.7480132433243699,2
sex,female,33,4,0,0.6010524573985032,2
sex,female,35,4,1,0.709841007987449,2
sex,female,39,4,0,0.5914370559057944,2
race,African-American,21,4,1,0.8141745823436543,3
race,African-American,21,2,0,0.7213776577489517,3
race,African-American,21,3,0,0.7407946110387462,3
race,African-American,21,4,0,0.8025112907268248,3
race,African-American,23,4,0,0.8032400633023065,3
race,African-American,23,2,1,0.7845187706093305,3
race,African-American,23,4,1,0.8311494565510666,3
race,African-American,24,3,1,0.6335605378565264,3
race,African-American,24,4,1,0.7758736947693464,3
race,African-American,24,4,0,0.869383464106567,3
race,African-American,19,2,1,0.753972341797017,3
race,African-American,19,3,1,0.7508136957994167,3
race,African-American,19,4,1,0.8085699542663543,3
race,African-American,19,3,0,0.7476550498018165,3
race,African-American,19,4,0,0.7856146460853645,3
race,African-American,35,4,0,0.661626503370563,3
race,African-American,35,4,1,0.562159487753176,3
race,African-American,20,2,1,0.7658859635753699,3
race,African-American,20,4,1,0.7766954515501685,3
race,African-American,20,3,0,0.7730007603558657,3
race,African-American,20,4,0,0.7670893346984003,3
race,African-American,27,4,0,0.7568324950563124,3
race,African-American,27,4,1,0.8379361621512068,3
race,African-American,29,4,0,0.7099217435113991,3
race,African-American,29,3,1,0.7101227895272613,3
race,African-American,29,4,1,0.827011267285819,3
race,African-American,58,4,0,0.764541985593858,3
race,African-American,25,4,1,0.7783191644891281,3
race,African-American,25,3,0,0.6456681223160275,3
race,African-American,25,4,0,0.7429177347044671,3
race,African-American,63,3,0,0.5731219625894054,3
race,African-American,39,4,0,0.6431344145962121,3
race,African-American,51,4,0,0.8344777332672211,3
race,African-American,50,4,1,0.7804016370191613,3
race,African-American,53,4,0,0.7171778473436914,3
race,African-American,30,2,0,0.5360508535677662,3
race,African-American,30,4,0,0.6546500133758087,3
race,African-American,30,3,1,0.5904649102120602,3
race,African-American,30,4,1,0.7561020721103262,3
race,African-American,42,3,0,0.6262970271727002,3
race,African-American,42,4,0,0.5,3
race,African-American,44,4,1,0.7289852554944452,3
race,African-American,44,4,0,0.6173917609770765,3
race,African-American,18,2,1,0.7204932140747996,3
race,African-American,18,3,1,0.7823381198128414,3
race,African-American,18,4,1,0.7825772815427016,3
race,African-American,18,4,0,0.7905890455383926,3
race,African-American,33,4,0,0.7284890872464533,3
race,African-American,33,4,1,0.8030430740359334,3
race,African-American,46,4,0,0.7827061640355115,3
race,African-American,46,4,1,0.6512257747723937,3
race,African-American,64,4,1,0.7671607112414095,3
race,African-American,55,4,0,0.6947703489424231,3
race,African-American,41,2,0,0.5525938117308627,3
race,African-American,41,4,0,0.6563504711597273,3
race,African-American,26,2,0,0.7198910622287762,3
race,African-American,26,4,0,0.778884766643543,3
race,African-American,26,4,1,0.8378233266108748,3
race,African-American,34,4,0,0.6641876428784368,3
race,African-American,34,4,1,0.7912636011896026,3
race,African-American,47,4,1,0.8015648209544082,3
race,African-American,47,4,0,0.6737196360457128,3
race,African-American,22,4,1,0.7789462250387046,3
race,African-American,22,2,0,0.6707446784205053,3
race,African-American,22,3,0,0.7910172491275917,3
race,African-American,22,4,0,0.7704370084727383,3
race,African-American,60,4,0,0.818411814763662,3
race,African-American,37,4,1,0.8060701186343948,3
race,African-American,37,4,0,0.6397082962112138,3
race,African-American,56,3,0,0.5239412862894868,3
race,African-American,56,4,0,0.6899460520764522,3
race,African-American,56,4,1,0.7894114907555435,3
race,African-American,57,4,0,0.752488010588644,3
race,African-American,32,4,1,0.7982496011627891,3
race,African-American,32,4,0,0.7818461089490154,3
race,African-American,28,4,0,0.8279383273956824,3
race,African-American,28,4,1,0.7630196189133507,3
race,African-American,54,4,1,0.7172673429777758,3
race,African-American,48,4,0,0.7277684495237293,3
race,African-American,52,4,0,0.6090277769662367,3
race,African-American,31,4,1,0.7860267133450489,3
race,African-American,31,4,0,0.8526784581960314,3
race,African-American,62,4,0,0.7817390750969665,3
race,African-American,36,3,0,0.6107875109802097,3
race,African-American,36,4,0,0.6042030377606661,3
race,African-American,36,4,1,0.7828722003511912,3
race,African-American,49,4,0,0.7838315270297667,3
race,African-American,40,4,0,0.6121962483397553,3
race,African-American,40,4,1,0.7066589462228864,3
race,African-American,66,4,0,0.5813187747614269,3
race,Caucasian,27,4,1,0.7528354133486178,3
race,Caucasian,27,4,0,0.6691118459771618,3
race,Caucasian,22,2,1,0.7305154957822046,3
race,Caucasian,22,4,1,0.7896687920457706,3
race,Caucasian,22,3,0,0.7910172491275917,3
race,Caucasian,22,4,0,0.8237817746065443,3
race,Caucasian,21,4,1,0.8313860873902257,3
race,Caucasian,21,4,0,0.7677604789136732,3
race,Caucasian,35,2,1,0.6002906468315489,3
race,Caucasian,35,4,1,0.6819712359173186,3
race,Caucasian,35,3,0,0.5,3
race,Caucasian,35,4,0,0.7658653343899943,3
race,Caucasian,38,3,0,0.6277999682818607,3
race,Caucasian,38,2,1,0.5750675057933482,3
race,Caucasian,28,4,1,0.7432811126750066,3
race,Caucasian,28,4,0,0.8060617908353045,3
race,Caucasian,26,3,0,0.711503286670576,3
race,Caucasian,26,4,0,0.7083364354369133,3
race,Caucasian,26,4,1,0.7855428223980128,3
race,Caucasian,24,4,0,0.7133806061217645,3
race,Caucasian,24,4,1,0.7408890196019036,3
race,Caucasian,60,4,0,0.5938895392600554,3
race,Caucasian,44,2,0,0.5,3
race,Caucasian,44,4,0,0.6235695310419404,3
race,Caucasian,23,4,1,0.7800528000646076,3
race,Caucasian,23,4,0,0.7589306029623955,3
race,Caucasian,39,4,0,0.6439305066407159,3
race,Caucasian,30,4,1,0.7120596319700164,3
race,Caucasian,52,4,0,0.6631531961796225,3
race,Caucasian,52,4,1,0.6600372924335252,3
race,Caucasian,45,4,1,0.6175631635356228,3
race,Caucasian,45,2,0,0.5234596097119713,3
race,Caucasian,47,3,0,0.63081391986459,3
race,Caucasian,47,4,0,0.6113888281261908,3
race,Caucasian,47,4,1,0.5704525783286954,3
race,Caucasian,33,3,0,0.6810983673420086,3
race,Caucasian,33,4,0,0.6032805384563109,3
race,Caucasian,33,4,1,0.6629232860090696,3
race,Caucasian,48,4,1,0.6107205591592063,3
race,Caucasian,29,4,0,0.7590747938558836,3
race,Caucasian,41,4,1,0.65392658252202,3
race,Caucasian,41,4,0,0.6716506902556265,3
race,Caucasian,49,4,1,0.6772657479861651,3
race,Caucasian,49,2,0,0.5,3
race,Caucasian,19,3,1,0.7625734758326929,3
race,Caucasian,19,4,1,0.7400134190041299,3
race,Caucasian,19,2,0,0.7124012450353375,3
race,Caucasian,19,4,0,0.7543968828220148,3
race,Caucasian,32,4,0,0.6343841862138674,3
race,Caucasian,32,4,1,0.6650259873495524,3
race,Caucasian,54,3,0,0.6002906468315489,3
race,Caucasian,54,4,0,0.6883666430215963,3
race,Caucasian,55,4,0,0.6176472017459522,3
race,Caucasian,20,4,1,0.7491512295305813,3
race,Caucasian,25,2,0,0.708562640978372,3
race,Caucasian,25,4,0,0.7353068776250016,3
race,Caucasian,25,2,1,0.714431978512493,3
race,Caucasian,25,4,1,0.8644484403900918,3
race,Caucasian,31,2,0,0.6126933017297339,3
race,Caucasian,31,3,0,0.5904649102120602,3
race,Caucasian,31,4,0,0.602964141285374,3
race,Caucasian,43,4,0,0.6128394635907866,3
race,Caucasian,43,4,1,0.6966043138728666,3
race,Caucasian,68,4,1,0.7173855980320546,3
race,Caucasian,40,4,0,0.6057989208418187,3
race,Caucasian,36,4,1,0.6956323433164304,3
race,Caucasian,36,4,0,0.6808910364250426,3
race,Caucasian,42,4,1,0.5139027286003004,3
race,Caucasian,42,4,0,0.5925675334863075,3
race,Caucasian,53,4,1,0.7671607112414095,3
race,Caucasian,59,4,0,0.6388589839452453,3
race,Caucasian,34,4,1,0.6704833977183047,3
race,Caucasian,34,4,0,0.6497885807641406,3
race,Caucasian,69,4,0,0.7833613006330551,3
race,Caucasian,57,3,0,0.6071314965804412,3
race,Caucasian,50,4,0,0.5704525783286954,3
race,Caucasian,58,4,0,0.7606476608355565,3
race,Hispanic,43,4,0,0.8422234840933014,3
race,Hispanic,18,4,0,0.7889460377588576,3
race,Hispanic,18,3,1,0.80641885366824,3
race,Hispanic,33,4,0,0.5948706472444859,3
race,Hispanic,28,4,0,0.7392742353831789,3
race,Hispanic,21,4,0,0.87514687511628,3
race,Hispanic,21,4,1,0.7927879346986964,3
race,Hispanic,26,4,1,0.7943473204135937,3
race,Hispanic,26,4,0,0.6438456293400974,3
race,Hispanic,35,2,0,0.5480842380502273,3
race,Hispanic,35,4,1,0.8199341550767304,3
race,Hispanic,19,2,0,0.7476550498018165,3
race,Hispanic,20,4,0,0.8224505015569594,3
race,Hispanic,45,3,0,0.5723286553123054,3
race,Hispanic,31,4,0,0.6247907159926809,3
race,Hispanic,24,4,1,0.8254286749891284,3
race,Hispanic,22,4,1,0.7668792680053392,3
race,Hispanic,57,4,0,0.6114491503144561,3
race,Hispanic,27,4,1,0.8029891603482198,3
race,Hispanic,50,2,0,0.6021983117106037,3
race,Hispanic,50,4,0,0.5417181363896727,3
race,Hispanic,49,4,0,0.6249170305060447,3
race,Hispanic,32,4,0,0.6201660812663213,3
race,Hispanic,34,3,0,0.5487248649266542,3
race,Other,28,4,0,0.6708711405748591,3
race,Other,28,4,1,0.6767423887107741,3
race,Other,21,4,1,0.8098533046410221,3
race,Other,21,4,0,0.7589306029623955,3
race,Other,25,4,0,0.7106338338270661,3
race,Other,34,2,0,0.643575943930154,3
race,Other,22,2,1,0.7486297465290717,3
race,Other,22,4,0,0.7835730698192886,3
race,Other,46,4,1,0.74014971173517,3
race,Other,36,3,1,0.5071480526688729,3
race,Other,27,4,0,0.7553901736640722,3
race,Other,26,4,1,0.64888410959443,3
race,Other,51,4,0,0.5691845802471067,3
race,Other,37,4,1,0.5664692927660997,3
race,Other,40,4,0,0.8329879178007294,3
sex,male,21,4,1,0.8141791154274223,3
sex,male,21,2,0,0.7213776577489517,3
sex,male,21,4,0,0.7899783675910865,3
sex,male,23,4,0,0.8032400633023065,3
sex,male,23,2,1,0.7845187706093305,3
sex,male,23,4,1,0.8254720502747935,3
sex,male,24,3,1,0.6335605378565264,3
sex,male,24,4,1,0.7746163929350562,3
sex,male,24,4,0,0.744581177718725,3
sex,male,27,4,1,0.8229301933255098,3
sex,male,27,4,0,0.7474496535729165,3
sex,male,22,2,1,0.7305154957822046,3
sex,male,22,4,1,0.7835152053400227,3
sex,male,22,2,0,0.6707446784205053,3
sex,male,22,3,0,0.7910172491275917,3
sex,male,22,4,0,0.776056392139639,3
sex,male,43,4,0,0.727531473842044,3
sex,male,43,4,1,0.6966043138728666,3
sex,male,19,2,1,0.753972341797017,3
sex,male,19,3,1,0.7566935858160548,3
sex,male,19,4,1,0.7791885820111153,3
sex,male,19,2,0,0.7124012450353375,3
sex,male,19,4,0,0.7752087249975813,3
sex,male,35,2,1,0.6002906468315489,3
sex,male,35,4,1,0.6620026112232947,3
sex,male,35,2,0,0.5487248649266542,3
sex,male,35,3,0,0.5,3
sex,male,35,4,0,0.6963727803770401,3
sex,male,38,3,0,0.6277999682818607,3
sex,male,38,2,1,0.5750675057933482,3
sex,male,20,2,1,0.7658859635753699,3
sex,male,20,4,1,0.7716874111829708,3
sex,male,20,3,0,0.7730007603558657,3
sex,male,20,4,0,0.7809296264130401,3
sex,male,28,4,1,0.7354810763873586,3
sex,male,28,4,0,0.7910914512047219,3
sex,male,58,4,0,0.764541985593858,3
sex,male,25,4,1,0.7926740438059555,3
sex,male,25,2,0,0.708562640978372,3
sex,male,25,4,0,0.7361312182707055,3
sex,male,63,3,0,0.5731219625894054,3
sex,male,51,4,0,0.7018311567571639,3
sex,male,26,2,0,0.7198910622287762,3
sex,male,26,3,0,0.711503286670576,3
sex,male,26,4,0,0.7267197407124816,3
sex,male,26,4,1,0.777689414808258,3
sex,male,50,4,1,0.7804016370191613,3
sex,male,50,2,0,0.6021983117106037,3
sex,male,50,4,0,0.5560853573591841,3
sex,male,53,4,0,0.7171778473436914,3
sex,male,53,4,1,0.7671607112414095,3
sex,male,42,4,0,0.5,3
sex,male,18,4,0,0.7900413762785478,3
sex,male,18,2,1,0.7140287448096355,3
sex,male,18,3,1,0.7903650310979743,3
sex,male,18,4,1,0.7825772815427016,3
sex,male,44,4,1,0.6489381439576927,3
sex,male,44,2,0,0.5,3
sex,male,44,4,0,0.6479222645337923,3
sex,male,33,3,0,0.6810983673420086,3
sex,male,33,4,0,0.6713506442248256,3
sex,male,33,4,1,0.7750191164305608,3
sex,male,60,4,0,0.7061506770118586,3
sex,male,46,4,0,0.7827061640355115,3
sex,male,46,4,1,0.6808670870933192,3
sex,male,64,4,1,0.7671607112414095,3
sex,male,55,4,0,0.6433549174781091,3
sex,male,41,2,0,0.5525938117308627,3
sex,male,41,4,0,0.664000580707677,3
sex,male,41,4,1,0.65392658252202,3
sex,male,34,3,0,0.5487248649266542,3
sex,male,34,4,0,0.6651639885656744,3
sex,male,34,4,1,0.7484334696582268,3
sex,male,30,3,1,0.5904649102120602,3
sex,male,30,4,1,0.7296671874300947,3
sex,male,30,4,0,0.6858915038082346,3
sex,male,47,4,1,0.8015648209544082,3
sex,male,47,3,0,0.63081391986459,3
sex,male,47,4,0,0.6425542320859519,3
sex,male,37,4,1,0.6862697057002473,3
sex,male,37,4,0,0.6397082962112138,3
sex,male,39,4,0,0.6499060323009047,3
sex,male,56,3,0,0.5239412862894868,3
sex,male,56,4,0,0.6899460520764522,3
sex,male,56,4,1,0.7894114907555435,3
sex,male,52,4,0,0.6451113897751606,3
sex,male,52,4,1,0.6600372924335252,3
sex,male,45,4,1,0.6175631635356228,3
sex,male,45,2,0,0.5234596097119713,3
sex,male,45,3,0,0.5723286553123054,3
sex,male,57,3,0,0.6071314965804412,3
sex,male,57,4,0,0.7054750571639147,3
sex,male,48,4,1,0.6107205591592063,3
sex,male,48,4,0,0.7277684495237293,3
sex,male,29,3,1,0.7101227895272613,3
sex,male,29,4,1,0.827011267285819,3
sex,male,29,4,0,0.7419400753717513,3
sex,male,32,4,1,0.7538417298917102,3
sex,male,32,4,0,0.6806865797814653,3
sex,male,36,3,1,0.5071480526688729,3
sex,male,36,4,1,0.7247122956613508,3
sex,male,36,3,0,0.6107875109802097,3
sex,male,36,4,0,0.6617190367589485,3
sex,male,54,3,0,0.6002906468315489,3
sex,male,54,4,0,0.6883666430215963,3
sex,male,54,4,1,0.7172673429777758,3
sex,male,68,4,1,0.7173855980320546,3
sex,male,40,4,0,0.7193934193212741,3
sex,male,40,4,1,0.7066589462228864,3
sex,male,31,2,0,0.6126933017297339,3
sex,male,31,4,0,0.6923398084771498,3
sex,male,31,4,1,0.7860267133450489,3
sex,male,62,4,0,0.7817390750969665,3
sex,male,59,4,0,0.6388589839452453,3
sex,male,49,2,0,0.5,3
sex,male,49,4,0,0.7838315270297667,3
sex,male,49,4,1,0.642258488337041,3
sex,male,69,4,0,0.7833613006330551,3
sex,female,28,4,0,0.6708711405748591,3
sex,female,29,4,0,0.7293075671034434,3
sex,female,25,3,0,0.6456681223160275,3
sex,female,25,2,1,0.714431978512493,3
sex,female,39,4,0,0.630387271231331,3
sex,female,30,2,0,0.5360508535677662,3
sex,female,30,4,0,0.5765462872947441,3
sex,female,30,4,1,0.7825840597707854,3
sex,female,35,2,0,0.5474436111738006,3
sex,female,35,4,1,0.8199341550767304,3
sex,female,44,4,1,0.8090323670311977,3
sex,female,44,4,0,0.5625085239285087,3
sex,female,34,2,0,0.643575943930154,3
sex,female,34,4,0,0.6439305066407159,3
sex,female,34,4,1,0.7638538519038859,3
sex,female,27,4,0,0.7145837320019012,3
sex,female,26,4,0,0.7973119445783747,3
sex,female,26,4,1,0.8619175821941107,3
sex,female,19,2,0,0.7476550498018165,3
sex,female,19,3,0,0.7476550498018165,3
sex,female,22,2,1,0.7486297465290717,3
sex,female,22,4,1,0.7517725596089269,3
sex,female,22,4,0,0.8565463000854969,3
sex,female,49,4,1,0.7472802672844131,3
sex,female,49,4,0,0.6249170305060447,3
sex,female,32,4,0,0.5824184297310779,3
sex,female,31,3,0,0.5904649102120602,3
sex,female,31,4,0,0.6282046060353177,3
sex,female,33,4,0,0.8015610938372227,3
sex,female,47,4,1,0.5704525783286954,3
sex,female,42,4,1,0.5139027286003004,3
sex,female,42,3,0,0.6262970271727002,3
sex,female,42,4,0,0.5925675334863075,3
sex,female,21,3,0,0.7407946110387462,3
sex,female,18,2,1,0.7269576833399637,3
sex,female,24,4,1,0.8030170181645875,3
sex,female,40,4,0,0.6121962483397553,3
sex,female,66,4,0,0.5813187747614269,3
sex,female,23,4,0,0.7589306029623955,3
sex,female,58,4,0,0.7606476608355565,3
race,Caucasian,39,4,1,0.6593376221645733,4
race,Caucasian,40,3,0,0.5493300698310051,4
race,Caucasian,40,4,0,0.7007870161000587,4
race,Caucasian,40,2,1,0.5972600513030427,4
race,Caucasian,40,4,1,0.7190859112985933,4
race,Caucasian,36,3,1,0.6175490475056706,4
race,Caucasian,36,3,0,0.5920070091853246,4
race,Caucasian,36,4,0,0.5919121011723918,4
race,Caucasian,42,4,1,0.6015561449147587,4
race,Caucasian,42,3,0,0.529593613434405,4
race,Caucasian,42,4,0,0.5848539477267353,4
race,Caucasian,27,4,1,0.616763739237451,4
race,Caucasian,27,4,0,0.6222256786007282,4
race,Caucasian,32,2,0,0.5051977944198159,4
race,Caucasian,32,4,0,0.5164349962939696,4
race,Caucasian,55,4,0,0.5167318039364893,4
race,Caucasian,33,4,0,0.6028754820613746,4
race,Caucasian,33,4,1,0.7255237429697555,4
race,Caucasian,26,4,1,0.6124311254012708,4
race,Caucasian,22,4,1,0.8600868451362638,4
race,Caucasian,20,4,1,0.7704964715917149,4
race,Caucasian,20,4,0,0.779902593925367,4
race,Caucasian,43,4,0,0.5524692389408606,4
race,Caucasian,18,4,1,0.7757848913886104,4
race,Caucasian,28,4,0,0.5668816336545205,4
race,Caucasian,28,4,1,0.7160867246313545,4
race,Caucasian,45,4,0,0.5381033624596907,4
race,Caucasian,38,4,0,0.6753934248711028,4
race,Caucasian,30,4,1,0.7262975428485562,4
race,Caucasian,30,3,0,0.5641107639393725,4
race,Caucasian,30,4,0,0.6047775339163172,4
race,Caucasian,47,3,1,0.5368098362294891,4
race,Caucasian,47,4,1,0.7892528903104387,4
race,Caucasian,47,2,0,0.5120242912612214,4
race,Caucasian,37,4,0,0.5443046085249417,4
race,Caucasian,19,4,0,0.7521744648640964,4
race,Caucasian,19,2,1,0.7512095022452836,4
race,Caucasian,56,3,0,0.537908035037187,4
race,Caucasian,56,4,0,0.4789916025085104,4
race,Caucasian,25,3,0,0.5893972976128388,4
race,Caucasian,25,4,1,0.7026470634345257,4
race,Caucasian,24,4,1,0.74901020455614,4
race,Caucasian,24,4,0,0.7227957065882077,4
race,Caucasian,34,4,1,0.5039605656825324,4
race,Caucasian,29,3,1,0.599571645442575,4
race,Caucasian,29,4,1,0.7620557954448606,4
race,Caucasian,29,3,0,0.568657988042483,4
race,Caucasian,23,4,0,0.7205972502928462,4
race,Caucasian,58,3,0,0.488758957028548,4
race,Caucasian,58,4,0,0.7211462298025643,4
race,Caucasian,53,4,0,0.514225029227352,4
race,Caucasian,53,4,1,0.7240407088471255,4
race,Caucasian,21,4,1,0.7826319689327209,4
race,Caucasian,21,4,0,0.8280176867832046,4
race,Caucasian,31,4,1,0.5747154026976404,4
race,Caucasian,31,2,0,0.575136458177244,4
race,Caucasian,31,4,0,0.6226274770210569,4
race,Caucasian,46,4,1,0.6683623001685635,4
race,Caucasian,63,4,1,0.488758957028548,4
race,Caucasian,49,4,0,0.7201924881159973,4
race,Caucasian,51,4,0,0.4789916025085104,4
race,Caucasian,35,4,1,0.7612027123492416,4
race,Caucasian,60,4,1,0.668524280834196,4
race,African-American,18,2,1,0.7624372893631438,4
race,African-American,18,3,1,0.7757848913886104,4
race,African-American,18,4,1,0.7391739995077493,4
race,African-American,18,2,0,0.7349680962334072,4
race,African-American,18,3,0,0.763409036955018,4
race,African-American,18,4,0,0.7730311444680131,4
race,African-American,23,2,1,0.7558563691782851,4
race,African-American,23,3,1,0.6940118128075754,4
race,African-American,23,4,1,0.8397446194868735,4
race,African-American,23,3,0,0.7168880059188565,4
race,African-American,23,4,0,0.791264489426963,4
race,African-American,36,4,0,0.6060559158108639,4
race,African-American,36,4,1,0.7547311584442296,4
race,African-American,32,2,0,0.6290213393831302,4
race,African-American,32,3,0,0.5734531340752654,4
race,African-American,32,4,0,0.6875201090573791,4
race,African-American,32,4,1,0.7089139768387367,4
race,African-American,26,4,1,0.7322059182902588,4
race,African-American,26,4,0,0.7352477097955733,4
race,African-American,28,2,0,0.568657988042483,4
race,African-American,28,3,0,0.6627321801920545,4
race,African-American,28,4,0,0.6491156862279119,4
race,African-American,28,3,1,0.6898819810711376,4
race,African-American,28,4,1,0.7594464709265139,4
race,African-American,31,4,1,0.8108416278732647,4
race,African-American,31,4,0,0.6200102146243548,4
race,African-American,44,4,1,0.7582956160124087,4
race,African-American,44,4,0,0.7144106039855178,4
race,African-American,35,3,1,0.5840333298663248,4
race,African-American,35,4,1,0.6789888934647715,4
race,African-American,35,4,0,0.6154591083090192,4
race,African-American,24,4,1,0.8020623925615968,4
race,African-American,24,2,0,0.6434225219868094,4
race,African-American,24,3,0,0.7102457460998451,4
race,African-American,27,3,1,0.5778884444771725,4
race,African-American,27,4,1,0.71292292810242,4
race,African-American,27,2,0,0.6144579678473309,4
race,African-American,27,4,0,0.8267881717277752,4
race,African-American,19,2,0,0.7349680962334072,4
race,African-American,19,3,0,0.7386974636333732,4
race,African-American,19,4,0,0.7341644706126239,4
race,African-American,19,2,1,0.760767635975,4
race,African-American,19,4,1,0.7977892438895792,4
race,African-American,25,2,0,0.5893972976128388,4
race,African-American,25,3,0,0.6245674771121522,4
race,African-American,25,4,0,0.7289374028432359,4
race,African-American,25,4,1,0.7501883897949404,4
race,African-American,33,4,1,0.7080900347706924,4
race,African-American,33,4,0,0.717386575247877,4
race,African-American,53,4,0,0.6756725093149477,4
race,African-American,55,4,1,0.6517281302380147,4
race,African-American,55,4,0,0.7387967106466086,4
race,African-American,30,2,0,0.5980665568102949,4
race,African-American,30,3,0,0.5723704275336473,4
race,African-American,30,4,0,0.7109700211632095,4
race,African-American,30,3,1,0.5164349962939696,4
race,African-American,30,4,1,0.67368024824271,4
race,African-American,40,3,1,0.6190354916005724,4
race,African-American,40,4,1,0.6756578682743489,4
race,African-American,40,4,0,0.6656192225526394,4
race,African-American,42,4,0,0.6218400963010459,4
race,African-American,39,4,0,0.6700270778716486,4
race,African-American,39,4,1,0.7268798186676889,4
race,African-American,47,3,0,0.5368098362294891,4
race,African-American,47,4,0,0.7371439044807404,4
race,African-American,68,4,0,0.7031357018171801,4
race,African-American,21,2,0,0.6838660623001128,4
race,African-American,21,3,0,0.7693808334947857,4
race,African-American,21,4,0,0.7718470189413567,4
race,African-American,21,2,1,0.6995975968204049,4
race,African-American,21,4,1,0.7607866643029989,4
race,African-American,43,4,1,0.67218620027132,4
race,African-American,43,4,0,0.616756396957416,4
race,African-American,22,2,0,0.6868552622894626,4
race,African-American,22,4,0,0.7683444981883418,4
race,African-American,22,4,1,0.8093442103274393,4
race,African-American,59,4,1,0.5368098362294891,4
race,African-American,38,4,0,0.7068556662407206,4
race,African-American,38,4,1,0.7541270303154652,4
race,African-American,48,4,1,0.6389911797161966,4
race,African-American,20,2,0,0.7068203520521764,4
race,African-American,20,4,0,0.7720841819000865,4
race,African-American,20,2,1,0.7512095022452836,4
race,African-American,20,4,1,0.8353799480843119,4
race,African-American,46,4,0,0.639505788672269,4
race,African-American,66,4,0,0.5390456669365705,4
race,African-American,54,4,0,0.6569075452979871,4
race,African-American,29,4,1,0.7352756819057561,4
race,African-American,37,2,0,0.5,4
race,African-American,37,4,0,0.6061955011408439,4
race,African-American,45,4,1,0.7654427733071717,4
race,African-American,45,2,0,0.565659591294382,4
race,African-American,45,4,0,0.6363443564322281,4
race,African-American,51,4,1,0.657644462842602,4
race,African-American,51,4,0,0.5897270449973165,4
race,African-American,49,3,1,0.515597360408733,4
race,African-American,49,4,1,0.7003600646690685,4
race,African-American,49,4,0,0.6591085918123158,4
race,African-American,56,4,0,0.522377390639321,4
race,African-American,57,4,1,0.7879511655108571,4
race,African-American,34,4,1,0.7785778221250002,4
race,African-American,34,4,0,0.7450985268079644,4
race,African-American,50,4,1,0.7237885458669984,4
race,African-American,52,4,1,0.6428935015534898,4
race,African-American,60,2,0,0.5129519137423711,4
race,Hispanic,21,4,1,0.7254035495328442,4
race,Hispanic,21,2,0,0.7296580985973906,4
race,Hispanic,21,4,0,0.8697502106481043,4
race,Hispanic,19,4,0,0.7667095866484734,4
race,Hispanic,49,4,0,0.5962608334801203,4
race,Hispanic,23,4,1,0.7637053123004346,4
race,Hispanic,23,4,0,0.7041033878573816,4
race,Hispanic,20,3,0,0.7626897729743894,4
race,Hispanic,20,4,0,0.639834354221174,4
race,Hispanic,25,2,1,0.6074476702697765,4
race,Hispanic,25,4,1,0.6677853098013873,4
race,Hispanic,55,4,0,0.4927020881200769,4
race,Hispanic,27,2,0,0.5751270948109765,4
race,Hispanic,42,4,0,0.5493300698310051,4
race,Hispanic,28,4,1,0.7257960550782959,4
race,Hispanic,31,2,1,0.4951669376734502,4
race,Hispanic,34,4,0,0.7399241902481959,4
race,Hispanic,34,4,1,0.5493300698310051,4
race,Hispanic,33,4,0,0.6685136042727521,4
race,Hispanic,35,4,0,0.4664153586118785,4
race,Hispanic,22,4,0,0.7436218934996006,4
race,Hispanic,41,4,0,0.522377390639321,4
race,Hispanic,26,4,0,0.6685062396029124,4
race,Other,49,4,1,0.7294336777050863,4
race,Other,45,4,0,0.6643392690955239,4
race,Other,33,3,0,0.59957962427534,4
race,Other,39,3,0,0.5713922271652143,4
race,Other,22,3,0,0.7717055548320583,4
race,Other,22,4,1,0.7419288639515877,4
race,Other,18,4,1,0.8816723943553141,4
race,Other,18,3,0,0.7349680962334072,4
race,Other,29,2,0,0.599571645442575,4
race,Other,29,4,0,0.6020233926771534,4
race,Other,19,4,1,0.7584652579962327,4
race,Other,48,4,0,0.5178436159242373,4
race,Other,50,2,0,0.478738696636568,4
race,Other,61,4,1,0.782757086379844,4
race,Other,31,4,0,0.6071973913086968,4
race,Other,20,4,1,0.8077733915980991,4
race,Other,21,4,0,0.8077733915980991,4
race,Other,27,4,0,0.6420108208174031,4
race,Other,36,4,1,0.46865464828990266,4
race,Other,38,3,0,0.48963574568846463,4
race,Other,24,4,0,0.7879376506817085,4
race,Other,28,4,1,0.6290135842178003,4
race,Other,46,4,1,0.6101478261940136,4
race,Other,58,2,0,0.522377390639321,4
race,Other,34,4,0,0.5821612453552959,4
race,Other,52,3,0,0.6092101738173229,4
sex,male,39,4,1,0.6998629400664427,4
sex,male,39,4,0,0.6700270778716486,4
sex,male,18,2,1,0.7757848913886104,4
sex,male,18,3,1,0.7757848913886104,4
sex,male,18,4,1,0.7866734644569376,4
sex,male,18,2,0,0.7349680962334072,4
sex,male,18,3,0,0.7562988017746154,4
sex,male,18,4,0,0.7730311444680131,4
sex,male,21,2,1,0.6995975968204049,4
sex,male,21,4,1,0.7558945718119403,4
sex,male,21,2,0,0.7296580985973906,4
sex,male,21,3,0,0.7693808334947857,4
sex,male,21,4,0,0.8248098468138514,4
sex,male,40,3,0,0.5493300698310051,4
sex,male,40,4,0,0.6796863399716072,4
sex,male,40,3,1,0.6190354916005724,4
sex,male,40,4,1,0.7157617993658129,4
sex,male,23,2,1,0.7558563691782851,4
sex,male,23,3,1,0.6940118128075754,4
sex,male,23,4,1,0.8012415024032669,4
sex,male,23,3,0,0.7168880059188565,4
sex,male,23,4,0,0.7586222637358466,4
sex,male,36,3,0,0.5920070091853246,4
sex,male,36,4,0,0.6032271528831695,4
sex,male,36,3,1,0.6175490475056706,4
sex,male,36,4,1,0.6116929033670662,4
sex,male,32,2,0,0.5051977944198159,4
sex,male,32,3,0,0.5734531340752654,4
sex,male,32,4,0,0.6082712468852604,4
sex,male,32,4,1,0.7089139768387367,4
sex,male,19,2,0,0.7349680962334072,4
sex,male,19,3,0,0.7386974636333732,4
sex,male,19,4,0,0.7468032481844544,4
sex,male,19,2,1,0.7559885691101418,4
sex,male,19,4,1,0.7971727094462662,4
sex,male,26,4,1,0.7172340691791355,4
sex,male,26,4,0,0.7218994157570411,4
sex,male,28,2,0,0.568657988042483,4
sex,male,28,3,0,0.6627321801920545,4
sex,male,28,4,0,0.6252548828086955,4
sex,male,28,3,1,0.6898819810711376,4
sex,male,28,4,1,0.7204447432525642,4
sex,male,31,2,1,0.4951669376734502,4
sex,male,31,4,1,0.7321328861480566,4
sex,male,31,4,0,0.6259715250217572,4
sex,male,42,4,1,0.6015561449147587,4
sex,male,42,3,0,0.529593613434405,4
sex,male,42,4,0,0.5999408612921755,4
sex,male,49,3,1,0.515597360408733,4
sex,male,49,4,1,0.7148968711870773,4
sex,male,49,4,0,0.6375713850254127,4
sex,male,44,4,1,0.7582956160124087,4
sex,male,44,4,0,0.7144106039855178,4
sex,male,35,3,1,0.5840333298663248,4
sex,male,35,4,1,0.7200958029070066,4
sex,male,35,4,0,0.6074083004315971,4
sex,male,24,4,1,0.7843783298931112,4
sex,male,24,2,0,0.6379895717943116,4
sex,male,24,3,0,0.7102457460998451,4
sex,male,24,4,0,0.7662236693172083,4
sex,male,20,2,0,0.7068203520521764,4
sex,male,20,3,0,0.7626897729743894,4
sex,male,20,4,0,0.8058264244605656,4
sex,male,20,2,1,0.7512095022452836,4
sex,male,20,4,1,0.820937470524141,4
sex,male,27,4,1,0.700782423674024,4
sex,male,27,2,0,0.6144579678473309,4
sex,male,27,4,0,0.7618981977215387,4
sex,male,25,2,1,0.6074476702697765,4
sex,male,25,4,1,0.7347980202880441,4
sex,male,25,2,0,0.5893972976128388,4
sex,male,25,3,0,0.6069823873624955,4
sex,male,25,4,0,0.7289374028432359,4
sex,male,33,4,1,0.6859792250529106,4
sex,male,33,3,0,0.59957962427534,4
sex,male,33,4,0,0.6989180379220545,4
sex,male,53,4,0,0.5949487692711499,4
sex,male,55,4,1,0.6517281302380147,4
sex,male,55,4,0,0.5755907251333965,4
sex,male,45,2,0,0.565659591294382,4
sex,male,45,4,0,0.6102206890592412,4
sex,male,45,4,1,0.7654427733071717,4
sex,male,30,2,0,0.5980665568102949,4
sex,male,30,3,0,0.56824059573651,4
sex,male,30,4,0,0.6329885303617618,4
sex,male,30,3,1,0.5164349962939696,4
sex,male,30,4,1,0.6956639223094985,4
sex,male,22,4,1,0.8205014846945151,4
sex,male,22,2,0,0.6828982638465068,4
sex,male,22,3,0,0.7717055548320583,4
sex,male,22,4,0,0.7633999772505936,4
sex,male,47,2,0,0.5120242912612214,4
sex,male,47,4,0,0.7371439044807404,4
sex,male,47,3,1,0.5368098362294891,4
sex,male,68,4,0,0.7031357018171801,4
sex,male,43,4,1,0.67218620027132,4
sex,male,43,4,0,0.616756396957416,4
sex,male,38,3,0,0.48963574568846463,4
sex,male,38,4,0,0.6798941264236766,4
sex,male,38,4,1,0.7541270303154652,4
sex,male,37,2,0,0.5,4
sex,male,37,4,0,0.581439144094483,4
sex,male,59,4,1,0.5368098362294891,4
sex,male,48,4,1,0.6389911797161966,4
sex,male,48,4,0,0.5178436159242373,4
sex,male,56,3,0,0.537908035037187,4
sex,male,56,4,0,0.5006844965739157,4
sex,male,46,4,0,0.639505788672269,4
sex,male,46,4,1,0.6392550631812886,4
sex,male,29,4,0,0.6020233926771534,4
sex,male,29,4,1,0.7509891079310749,4
sex,male,66,4,0,0.5390456669365705,4
sex,male,54,4,0,0.6569075452979871,4
sex,male,50,2,0,0.478738696636568,4
sex,male,50,4,1,0.7237885458669984,4
sex,male,61,4,1,0.782757086379844,4
sex,male,34,4,1,0.6526115699408845,4
sex,male,34,4,0,0.6890613208038188,4
sex,male,58,2,0,0.522377390639321,4
sex,male,58,3,0,0.488758957028548,4
sex,male,58,4,0,0.7211462298025643,4
sex,male,51,4,1,0.657644462842602,4
sex,male,57,4,1,0.7879511655108571,4
sex,male,60,4,1,0.668524280834196,4
sex,male,52,4,1,0.6428935015534898,4
sex,male,52,3,0,0.6092101738173229,4
sex,male,41,4,0,0.522377390639321,4
sex,female,27,3,1,0.5778884444771725,4
sex,female,27,4,1,0.6730978110492328,4
sex,female,27,2,0,0.5751270948109765,4
sex,female,20,4,0,0.7020770754719169,4
sex,female,20,4,1,0.8151023029063563,4
sex,female,55,4,0,0.47933131004256707,4
sex,female,35,4,0,0.4905677822441447,4
sex,female,43,4,0,0.5524692389408606,4
sex,female,18,2,1,0.7490896873376772,4
sex,female,18,4,1,0.7757848913886104,4
sex,female,24,2,0,0.6488554721793072,4
sex,female,39,3,0,0.5713922271652143,4
sex,female,47,4,1,0.7892528903104387,4
sex,female,47,3,0,0.5368098362294891,4
sex,female,30,4,0,0.7217497701184886,4
sex,female,30,4,1,0.7435974357930948,4
sex,female,32,2,0,0.6290213393831302,4
sex,female,32,4,0,0.8000997081059711,4
sex,female,25,4,1,0.7266063521495195,4
sex,female,22,4,1,0.8556412082502786,4
sex,female,22,2,0,0.6908122607324183,4
sex,female,29,3,1,0.599571645442575,4
sex,female,29,4,1,0.7259822048826896,4
sex,female,29,2,0,0.599571645442575,4
sex,female,29,3,0,0.568657988042483,4
sex,female,21,2,0,0.6838660623001128,4
sex,female,21,4,0,0.7596194595647751,4
sex,female,33,4,0,0.6246103398883682,4
sex,female,33,4,1,0.7918561721231007,4
sex,female,23,4,1,0.8811485175128037,4
sex,female,51,4,0,0.5343593237529135,4
sex,female,49,4,0,0.6591085918123158,4
sex,female,45,4,0,0.4561122101065916,4
sex,female,31,2,0,0.575136458177244,4
sex,female,31,4,0,0.6042984445684229,4
sex,female,28,4,1,0.7661931015905026,4
sex,female,28,4,0,0.6623248473313864,4
sex,female,63,4,1,0.488758957028548,4
sex,female,53,4,1,0.7240407088471255,4
sex,female,40,2,1,0.5972600513030427,4
sex,female,40,4,1,0.5987741180242017,4
sex,female,19,4,1,0.7615479302127974,4
sex,female,38,4,0,0.697854263135573,4
sex,female,60,2,0,0.5129519137423711,4
